Model,R2,RMSE,MAE,CV_Mean_R2,CV_Mean_RMSE,CV_Mean_MAE
Random Forest,0.9143986479051214,0.097861695443484,0.061777219152133606,0.8902570362875375,0.10758230620306863,0.0674903320260549
MLP Regressor,0.8037655295801676,0.14816992878635787,0.11339270413084472,0.7582368026569213,0.15955017950181985,0.12150126036458372
Gradient Boosting,0.779028429516328,0.15723188623822912,0.12207749877366668,0.7601597692101962,0.15918838107576863,0.12444598618284805
SVR,0.7534925862016459,0.16606855853029104,0.12786610616204822,0.7158458076226377,0.17316375562851466,0.1319491147783658
Ridge,0.26029619847144214,0.2876744879003686,0.24968340348820267,0.21024088683410155,0.28893958175821743,0.24879335096234864
Linear Regression,0.2602862387974354,0.28767642457723125,0.24967352881658172,0.21022201936747759,0.28894291854250825,0.24878333820058857
Lasso,-0.0013321174816391945,0.33470445770382307,0.2947509712910951,-0.004281710637958324,0.3258160074244133,0.28693176006702276
